Book ID,Title,Author,Genre,Copies
1,Power Echoes Dawn Shadow,Chetan Bhagat,Science,1
2,The Life Echoes Dreams,George R.R. Martin,Philosophy,6
3,Journey The,Khushwant Singh,Romance,4
4,Truth Quest Love Flames,Amish Tripathi,Fiction,4
5,Truth Secret,Preeti Shenoy,Philosophy,4
6,Power Silent,Kiran Desai,Spirituality,3
7,Whispers Dreams Beyond Shadow,R.K. Narayan,Fantasy,4
8,Love Light Truth Quest,Vikram Seth,Technology,1
9,Beyond Light,Stephen King,Education,4
10,Edge Life Truth Silent,Savi Sharma,Mythology,10
11,Echoes Light,F. Scott Fitzgerald,Romance,3
12,Dreams Legacy,Amish Tripathi,Education,5
13,Secret Flames,Khushwant Singh,Mystery,6
14,Journey Flames Light,Amish Tripathi,Mythology,1
15,Quest Dreams Echoes Secret,Ruskin Bond,Spirituality,9
16,Whispers Dreams Light,Stephen King,Romance,9
17,Echoes Secret Life,Devdutt Pattanaik,Self-Help,8
18,Edge Truth Echoes,Khushwant Singh,Self-Help,8
19,Secret The,Charles Dickens,Fantasy,5
20,Winds Quest,Mark Twain,Self-Help,8
21,Shadow Dawn Dreams,Savi Sharma,Spirituality,5
22,Winds Secret Dawn Love,Chetan Bhagat,Biography,4
23,Legacy Dawn,Preeti Shenoy,Spirituality,2
24,Edge Secret Dawn Shadow,Arundhati Roy,Technology,5
25,Winds Silent Flames,Anita Desai,Education,3
26,Beyond Winds,R.K. Narayan,History,7
27,Echoes Dreams,Anita Desai,Philosophy,10
28,Dawn Shadow Secret Flames,Charles Dickens,Education,2
29,Echoes Dawn,Anita Desai,Romance,6
30,Dreams Edge Beyond,Preeti Shenoy,Self-Help,7
31,Silent Dawn Beyond Winds,Sudha Murty,Romance,5
32,Flames Silent The,Devdutt Pattanaik,Fiction,3
33,Flames The,Amish Tripathi,Biography,9
34,Winds Quest Silent Shadow,Ernest Hemingway,Philosophy,6
35,Love Dawn Whispers,Arundhati Roy,Education,1
36,Light Secret,George R.R. Martin,Self-Help,5
37,Legacy Secret Silent,Vikram Seth,History,1
38,Dreams Power Journey Beyond,Dan Brown,Spirituality,4
39,Silent Dreams Flames,Devdutt Pattanaik,Self-Help,7
40,Light Power Life,Chetan Bhagat,History,8
41,Power Winds Truth Quest,Jane Austen,Technology,3
42,Echoes Secret,Chetan Bhagat,Fantasy,2
43,Light Love,Charles Dickens,Spirituality,6
44,Power Love Life Whispers,Leo Tolstoy,Spirituality,10
45,Shadow Dreams Legacy,Savi Sharma,Romance,8
46,Journey Winds Beyond,Vikram Seth,Education,1
47,Life Edge Legacy,Savi Sharma,Fantasy,5
48,Life Light,Chetan Bhagat,Self-Help,10
49,Flames Edge,Preeti Shenoy,Technology,8
50,Silent Quest,George Orwell,Mythology,10
51,Secret Edge Flames,Preeti Shenoy,Fiction,4
52,Journey Light Edge,Anita Desai,Philosophy,1
53,Light Love,Ruskin Bond,Biography,3
54,Light Life,Preeti Shenoy,Philosophy,1
55,Truth Secret Whispers,Chetan Bhagat,Fiction,9
56,Shadow Legacy Winds Dawn,Ernest Hemingway,Fiction,8
57,Legacy Journey Truth,Jane Austen,Spirituality,5
58,Echoes Secret Power Dawn,R.K. Narayan,Technology,9
59,The Silent Life Quest,Ruskin Bond,Fiction,9
60,Quest Journey Light Flames,George Orwell,Fantasy,6
61,Edge The Truth,Amish Tripathi,Science,9
62,Echoes Light Journey,Agatha Christie,Education,8
63,Truth Flames Life,Sudha Murty,Fantasy,8
64,Winds Beyond,Arundhati Roy,Biography,4
65,Echoes Shadow Quest Secret,George Orwell,Mythology,3
66,Quest Journey,Ruskin Bond,History,6
67,Secret Dreams,R.K. Narayan,Fiction,1
68,Power Flames,Savi Sharma,Biography,10
69,Echoes Silent Light Dawn,Vikram Seth,Biography,9
70,Winds Silent Edge Power,Leo Tolstoy,Mythology,7
71,Life Legacy Silent Beyond,Khushwant Singh,Spirituality,10
72,Legacy Shadow Light,Ernest Hemingway,Mystery,10
73,Journey The,Charles Dickens,Fantasy,1
74,Dawn Edge Quest,Chetan Bhagat,Fantasy,4
75,Quest Journey Dawn Edge,George R.R. Martin,History,2
76,Beyond Secret,Amish Tripathi,Education,1
77,Quest Truth Silent,Anita Desai,Technology,4
78,Winds Love,Savi Sharma,Biography,5
79,Echoes Dawn,Dr. A.P.J. Abdul Kalam,Fantasy,10
80,Dreams Echoes Journey Life,Sudha Murty,Fantasy,6
81,Journey Edge Light Dreams,Leo Tolstoy,Romance,5
82,Flames Journey Beyond Dawn,Dr. A.P.J. Abdul Kalam,Education,4
83,Dreams Flames Beyond Silent,Leo Tolstoy,Science,10
84,Flames Power Quest,Kiran Desai,Philosophy,4
85,Secret Echoes Light Winds,Dan Brown,Self-Help,1
86,Beyond Love,George R.R. Martin,Technology,7
87,Edge Love Power,Sudha Murty,Technology,5
88,Beyond Love,Devdutt Pattanaik,Self-Help,10
89,Edge Flames Quest Echoes,Sudha Murty,Philosophy,6
90,Flames Journey Quest Light,Anita Desai,Mystery,4
91,Secret Winds,Arundhati Roy,Fiction,4
92,Life Winds Journey Light,Mark Twain,History,10
93,Dawn Shadow Echoes,Chetan Bhagat,Spirituality,2
94,Light Whispers,Khushwant Singh,Fantasy,1
95,Truth Dreams,Anita Desai,Self-Help,9
96,Journey The Echoes Secret,Anita Desai,Education,9
97,Echoes Secret The,Ernest Hemingway,Technology,10
98,Quest Whispers,Preeti Shenoy,Philosophy,4
99,Beyond The,Kiran Desai,Spirituality,3
100,Winds Love Beyond,Ravinder Singh,Spirituality,1
101,Power Secret,Dan Brown,Mystery,4
102,Beyond Life Silent,Arundhati Roy,Fiction,9
103,Secret Beyond Light Echoes,Anita Desai,Philosophy,6
104,Beyond Dawn,Ruskin Bond,Mystery,3
105,Power Silent Edge Light,Khushwant Singh,Philosophy,2
106,Light The Dawn Quest,Arundhati Roy,Romance,9
107,Quest Silent Truth Dawn,Kiran Desai,Spirituality,2
108,Legacy Echoes Silent,F. Scott Fitzgerald,History,10
109,Dreams Dawn Light,Ravinder Singh,Mythology,4
110,Secret Light Flames,R.K. Narayan,Education,5
111,Edge Dawn,Preeti Shenoy,Mystery,10
112,Dawn Secret Dreams,Ernest Hemingway,Fiction,4
113,Dreams Love The,Khushwant Singh,Biography,3
114,The Flames Truth Quest,Dr. A.P.J. Abdul Kalam,Fiction,3
115,Beyond Dreams Edge Secret,Mark Twain,Biography,2
116,Love Legacy Silent,Savi Sharma,Fiction,10
117,Light Power Truth Beyond,Anita Desai,Spirituality,3
118,Echoes Light Life,Charles Dickens,Romance,6
119,Dawn Flames,Savi Sharma,Mystery,1
120,Love Beyond,Devdutt Pattanaik,Romance,4
121,Edge Journey Dawn Quest,Ravinder Singh,Philosophy,10
122,Legacy Light Journey,Chetan Bhagat,Spirituality,8
123,Secret Life,Arundhati Roy,Philosophy,2
124,Dawn Truth Power Edge,Kiran Desai,Mystery,5
125,Silent Winds Whispers Beyond,George R.R. Martin,Self-Help,6
126,Echoes Power Shadow,Mark Twain,Self-Help,3
127,Silent Legacy Truth Dawn,Anita Desai,Spirituality,8
128,Edge Echoes Life,Vikram Seth,Philosophy,1
129,Shadow Echoes,Sudha Murty,Romance,7
130,Shadow Winds Light Power,Vikram Seth,Mythology,8
131,Edge Shadow The,Ruskin Bond,Fantasy,8
132,Light The Whispers,Savi Sharma,Technology,6
133,Light Winds Dawn,Ravinder Singh,Biography,9
134,Light Dawn Whispers Life,Devdutt Pattanaik,History,6
135,Dawn Echoes Secret Edge,Stephen King,Mystery,2
136,Shadow Echoes Power Winds,Savi Sharma,Fantasy,1
137,Dreams Power,Ernest Hemingway,Mystery,4
138,Shadow Power,R.K. Narayan,Fantasy,7
139,Truth Dreams Dawn,Dr. A.P.J. Abdul Kalam,Biography,2
140,Secret Journey Winds Whispers,Savi Sharma,Education,5
141,Quest Journey Whispers,Preeti Shenoy,Self-Help,2
142,The Life Legacy Winds,Agatha Christie,Science,4
143,Life Flames Love,Charles Dickens,Technology,7
144,Dawn Shadow Winds Edge,Haruki Murakami,Spirituality,8
145,Secret Dreams,Savi Sharma,Mythology,10
146,Echoes Edge,Chetan Bhagat,Mythology,6
147,Secret Whispers Edge,Kiran Desai,Education,3
148,Dawn Journey Truth Beyond,F. Scott Fitzgerald,Science,9
149,Truth Love Power,Savi Sharma,Mystery,6
150,Quest Love,Sudha Murty,Fantasy,7
151,Life Echoes Flames,Chetan Bhagat,History,4
152,Echoes Beyond Edge,Amish Tripathi,Fiction,9
153,Secret Truth,Vikram Seth,Mythology,6
154,Love Dawn Light Flames,George R.R. Martin,Fantasy,5
155,Beyond Love,Ernest Hemingway,Philosophy,3
156,Quest Secret Winds,Sudha Murty,Fantasy,10
157,Shadow Power,Paulo Coelho,Romance,9
158,The Secret Light Edge,Jane Austen,Fantasy,7
159,Dreams Silent Truth Edge,R.K. Narayan,Biography,9
160,Echoes Quest Love Light,Vikram Seth,Self-Help,4
161,Winds Quest Dreams Whispers,Amish Tripathi,Spirituality,2
162,Flames Secret Power,Ravinder Singh,Spirituality,3
163,Truth Secret Love,Jane Austen,Science,9
164,Journey Whispers Love,Preeti Shenoy,Mystery,7
165,Journey Quest Dawn Light,Preeti Shenoy,Mystery,6
166,Light Truth Quest Legacy,Savi Sharma,Science,3
167,Light Dawn Power,Dr. A.P.J. Abdul Kalam,Education,5
168,Beyond Love Echoes,Sudha Murty,Mythology,6
169,Life Love Whispers,Khushwant Singh,Mystery,1
170,Flames Love,Kiran Desai,Fantasy,5
171,Shadow Truth Flames,Devdutt Pattanaik,Spirituality,2
172,Legacy Dawn Echoes Whispers,Khushwant Singh,Romance,1
173,Whispers Shadow Love Secret,Vikram Seth,Romance,6
174,Life Whispers,Ruskin Bond,Spirituality,1
175,Echoes Journey,R.K. Narayan,Philosophy,6
176,Dreams Flames,Devdutt Pattanaik,Technology,10
177,Secret Dawn,Ruskin Bond,Mystery,4
178,Quest Power,Vikram Seth,Science,3
179,Dreams The,Arthur Conan Doyle,Spirituality,10
180,Light Quest Power,Devdutt Pattanaik,Fantasy,10
181,Winds Beyond,Khushwant Singh,Science,10
182,Flames Secret Shadow Beyond,Ravinder Singh,Technology,9
183,Dawn Secret Flames Whispers,Stephen King,Romance,7
184,Light Journey Love,Ruskin Bond,Fiction,4
185,Quest Flames,Savi Sharma,Mystery,5
186,Edge Silent Echoes Truth,Chetan Bhagat,Science,10
187,Flames Secret Dawn Shadow,Kiran Desai,Mystery,5
188,Secret Dawn The Beyond,Dr. A.P.J. Abdul Kalam,Technology,10
189,Life Legacy,Devdutt Pattanaik,History,4
190,Love Legacy Edge Life,George Orwell,Mystery,2
191,Whispers Dreams Truth,Anita Desai,Philosophy,4
192,Light Legacy Beyond Quest,George Orwell,Biography,3
193,Shadow Life,Kiran Desai,Technology,5
194,Beyond Truth Power,Leo Tolstoy,Biography,5
195,Flames Legacy,Preeti Shenoy,Education,7
196,Dreams Truth,Jane Austen,Science,9
197,The Beyond Journey,Arundhati Roy,Romance,10
198,Truth Dreams Dawn Secret,Amish Tripathi,Fiction,3
199,Life Journey,Vikram Seth,Education,2
200,Shadow Winds,Arundhati Roy,Science,6
201,Legacy The Edge,Vikram Seth,Mythology,2
202,Dreams Life Light,Anita Desai,Self-Help,2
203,Journey Light Echoes,Dr. A.P.J. Abdul Kalam,Mythology,9
204,Winds Power,Arundhati Roy,Spirituality,4
205,Love Legacy Truth Silent,Arundhati Roy,Mystery,1
206,Light Shadow Flames Silent,Ruskin Bond,Fantasy,10
207,Dawn Silent,Amish Tripathi,Mythology,9
208,Legacy Life Secret Journey,Anita Desai,Mystery,2
209,Winds Love Flames,Ravinder Singh,Biography,5
210,Power The Whispers,Ravinder Singh,Philosophy,8
211,Legacy Shadow,Chetan Bhagat,Philosophy,7
212,Echoes Journey,Stephen King,Spirituality,5
213,Winds Secret,Kiran Desai,Romance,7
214,Whispers Echoes,Amish Tripathi,Self-Help,3
215,Light Love,Devdutt Pattanaik,Biography,10
216,Edge Echoes Life Light,Haruki Murakami,Education,6
217,Truth Beyond Dreams Legacy,Anita Desai,Biography,4
218,Echoes Life Dawn,Devdutt Pattanaik,Fantasy,3
219,The Journey Light Echoes,Khushwant Singh,Science,4
220,Shadow Beyond Quest,Vikram Seth,Education,8
221,The Echoes,Anita Desai,Technology,4
222,Dawn Power Flames Whispers,Ruskin Bond,Philosophy,3
223,Truth Journey Flames Power,George Orwell,Biography,6
224,Power Secret Flames,Amish Tripathi,Romance,6
225,Echoes Dreams Edge Light,George Orwell,Biography,4
226,Shadow Silent Whispers Life,Paulo Coelho,Technology,2
227,Truth Quest Secret,Paulo Coelho,Spirituality,2
228,Life Flames,Sudha Murty,Mystery,10
229,Shadow Dreams Quest Edge,Devdutt Pattanaik,Self-Help,3
230,Shadow Quest,Preeti Shenoy,History,1
231,Light Whispers,Anita Desai,History,9
232,Light Dawn Whispers,Sudha Murty,Mystery,1
233,Journey Shadow Edge Light,Preeti Shenoy,Self-Help,1
234,Truth Dreams,Ravinder Singh,History,10
235,Truth Whispers Flames Winds,Anita Desai,Philosophy,6
236,Dreams Shadow The,Stephen King,Mystery,6
237,Quest Secret Shadow,Ravinder Singh,Mystery,10
238,Journey Shadow Legacy The,Ruskin Bond,Mystery,1
239,Dreams Whispers Secret Legacy,Ernest Hemingway,Technology,9
240,Beyond Love,Chetan Bhagat,Mythology,8
241,Life Echoes,Amish Tripathi,Philosophy,2
242,Power Secret,Arundhati Roy,Science,6
243,Life Secret Winds Legacy,Agatha Christie,Romance,2
244,Dreams Flames,Khushwant Singh,Fantasy,4
245,Beyond Silent Life,Dan Brown,Mythology,6
246,Dreams Echoes,Sudha Murty,Mystery,4
247,Love Truth Shadow Journey,Dan Brown,Romance,9
248,Truth Echoes Light,Chetan Bhagat,Technology,1
249,Life The Beyond,Vikram Seth,Technology,8
250,The Journey,Agatha Christie,Spirituality,9
251,Shadow Power Silent Edge,Agatha Christie,Self-Help,5
252,Legacy The Echoes,Devdutt Pattanaik,Mystery,9
253,The Edge Whispers,Savi Sharma,Science,10
254,Echoes Secret Silent,Khushwant Singh,Science,7
255,Echoes Dawn,Kiran Desai,Science,7
256,Echoes The Shadow Flames,Ruskin Bond,Romance,10
257,Dreams Light Shadow,Ernest Hemingway,Fantasy,4
258,Winds Power Shadow Life,J.K. Rowling,Biography,7
259,Love Truth Secret,Amish Tripathi,Philosophy,4
260,Quest Silent,R.K. Narayan,Mystery,2
261,Beyond Journey Winds,Chetan Bhagat,Education,6
262,Light Love Dreams,Devdutt Pattanaik,Fiction,10
263,Winds Whispers,Kiran Desai,Fiction,1
264,Dawn Journey Legacy,Dr. A.P.J. Abdul Kalam,Biography,8
265,Whispers Dreams,Sudha Murty,Fiction,1
266,Power Edge,Devdutt Pattanaik,Biography,7
267,Quest Power,Arundhati Roy,Self-Help,10
268,Echoes Flames,Paulo Coelho,Philosophy,9
269,Whispers Shadow Echoes,Dan Brown,Fiction,9
270,Echoes Beyond,Sudha Murty,Self-Help,10
271,Winds Whispers Journey Dawn,Ruskin Bond,Self-Help,7
272,Light Love Truth,Vikram Seth,Spirituality,5
273,Flames Light Power,Agatha Christie,Spirituality,1
274,Love Shadow Dawn Quest,Devdutt Pattanaik,Philosophy,2
275,Life Dawn,Khushwant Singh,Technology,1
276,Power Light,Vikram Seth,Spirituality,9
277,Power Journey Secret,Khushwant Singh,Mythology,4
278,Legacy Truth,Chetan Bhagat,Mystery,6
279,Silent Quest Truth,Khushwant Singh,Romance,6
280,Echoes Love Life,Ravinder Singh,Spirituality,7
281,Quest Journey Flames,J.K. Rowling,Education,8
282,Dawn Silent,Mark Twain,Self-Help,7
283,Winds Truth Legacy,George R.R. Martin,Technology,6
284,Shadow Echoes,Jane Austen,History,3
285,Whispers Dawn,George Orwell,Spirituality,8
286,Dreams Journey,Stephen King,Technology,5
287,Beyond Winds Light Echoes,Ruskin Bond,Romance,5
288,Life The Dawn,Vikram Seth,Biography,5
289,Shadow Echoes Love Life,Dr. A.P.J. Abdul Kalam,History,6
290,Edge Quest Light,Preeti Shenoy,Self-Help,5
291,Quest Echoes Light Dawn,F. Scott Fitzgerald,Mythology,10
292,The Whispers Love Dreams,Kiran Desai,Science,4
293,Silent Quest Whispers,Dr. A.P.J. Abdul Kalam,Biography,3
294,Love Whispers Shadow Silent,Khushwant Singh,Fiction,10
295,Edge The,J.K. Rowling,Education,4
296,Life Dreams,George Orwell,Romance,10
297,Life Dreams,Amish Tripathi,Mythology,4
298,Whispers Flames,Anita Desai,Mythology,9
299,Legacy Dreams,J.K. Rowling,Spirituality,8
300,Power Echoes,Dr. A.P.J. Abdul Kalam,Science,2
301,Life Truth,Sudha Murty,Philosophy,4
302,Love The Journey Truth,Sudha Murty,Biography,7
303,Truth Edge,Dan Brown,Spirituality,4
304,Echoes Beyond,Anita Desai,Science,7
305,Truth Edge,Anita Desai,Spirituality,5
306,Love Dreams,Kiran Desai,Fantasy,9
307,The Power Quest,Ruskin Bond,Mythology,3
308,Flames Life,Dan Brown,Biography,1
309,Winds Whispers Secret,Anita Desai,Mystery,7
310,Whispers Power,Ruskin Bond,Technology,6
311,Echoes Power,Ruskin Bond,Philosophy,7
312,Power Whispers,J.K. Rowling,Education,7
313,Journey Legacy Quest,Jane Austen,Fantasy,2
314,Journey Power,Amish Tripathi,Technology,10
315,Beyond Love Legacy Dawn,Paulo Coelho,History,4
316,Truth Whispers Shadow Edge,Ruskin Bond,Self-Help,3
317,The Light Love Winds,Savi Sharma,Fiction,5
318,Beyond Flames Light,Ravinder Singh,Biography,5
319,Power Edge Light Winds,Ruskin Bond,Science,9
320,Flames Edge Whispers,Ravinder Singh,Spirituality,3
321,Edge Love Silent Truth,Dr. A.P.J. Abdul Kalam,Philosophy,1
322,Quest Love,Kiran Desai,Spirituality,3
323,Dawn Life Secret,Haruki Murakami,Fantasy,2
324,Beyond Whispers The,Dan Brown,Self-Help,2
325,Flames Silent Beyond,Amish Tripathi,Self-Help,5
326,Silent Truth Light,Ravinder Singh,Biography,8
327,Whispers Silent Beyond Shadow,Anita Desai,Technology,5
328,Edge Shadow,Ravinder Singh,Self-Help,4
329,Beyond Light Silent,Khushwant Singh,Education,9
330,Power Shadow Quest The,Savi Sharma,Technology,1
331,Flames Dawn,Chetan Bhagat,History,2
332,Love Truth Secret Flames,Jane Austen,Science,9
333,Legacy Silent Flames Love,Khushwant Singh,Education,7
334,Edge Life Dreams,Vikram Seth,Technology,10
335,Quest Edge Beyond,Charles Dickens,Romance,7
336,Dawn Shadow Secret Journey,Ruskin Bond,Spirituality,5
337,Love Dawn,Dr. A.P.J. Abdul Kalam,Biography,1
338,Dreams Dawn,George R.R. Martin,Philosophy,3
339,Whispers Shadow,Ruskin Bond,Technology,7
340,Truth Dreams,Kiran Desai,Fiction,7
341,Winds Quest Echoes,Ravinder Singh,Fiction,2
342,Silent Life Journey,Ravinder Singh,Biography,3
343,Echoes Silent,Kiran Desai,Biography,8
344,Flames Beyond Dreams Journey,Vikram Seth,Education,10
345,Winds Dreams Quest Power,Ravinder Singh,Romance,9
346,Whispers Secret,Sudha Murty,Romance,8
347,The Truth Whispers,Arthur Conan Doyle,Mystery,3
348,Legacy Journey Quest Edge,Chetan Bhagat,Philosophy,7
349,Life Flames,Savi Sharma,Spirituality,8
350,Beyond Whispers Legacy,Ravinder Singh,Mythology,4
351,Legacy Power,Amish Tripathi,Fantasy,4
352,Love Quest The,F. Scott Fitzgerald,Education,4
353,Secret Truth The,Chetan Bhagat,Science,8
354,Truth Dreams,R.K. Narayan,Self-Help,5
355,Dreams Beyond Winds Flames,Chetan Bhagat,Mythology,2
356,Light Secret Edge,F. Scott Fitzgerald,Biography,1
357,Light Power Life,Dr. A.P.J. Abdul Kalam,Mystery,4
358,Journey The Love,George Orwell,History,4
359,Life Echoes Beyond Power,Dr. A.P.J. Abdul Kalam,Mystery,10
360,The Shadow,Devdutt Pattanaik,Fantasy,7
361,Shadow Journey Truth,Dr. A.P.J. Abdul Kalam,Fantasy,7
362,Quest Journey Life Whispers,Preeti Shenoy,Science,10
363,Love Edge Light,Ruskin Bond,Education,10
364,Truth Echoes,Paulo Coelho,Mystery,6
365,Dawn Dreams Whispers Truth,Ravinder Singh,History,4
366,Edge Dawn,Dan Brown,Mythology,2
367,Love Shadow,Dan Brown,Self-Help,8
368,Silent Dreams,Savi Sharma,Fiction,9
369,Love The,Paulo Coelho,Mythology,1
370,Edge Dreams Quest,Leo Tolstoy,Spirituality,4
371,Journey Love The,Ruskin Bond,Education,1
372,Edge Winds Love Dreams,Arundhati Roy,Biography,4
373,Secret Flames,Anita Desai,Romance,10
374,Dreams Edge,Chetan Bhagat,Fantasy,9
375,Beyond Journey Silent Life,J.K. Rowling,Science,10
376,Secret Dawn,George Orwell,Biography,2
377,Winds Edge The,Paulo Coelho,Technology,2
378,Silent Journey,Ruskin Bond,Biography,8
379,Beyond Life,Kiran Desai,Fantasy,9
380,Truth Dawn Echoes,Savi Sharma,Spirituality,3
381,Power Beyond Journey Echoes,Savi Sharma,Fantasy,5
382,Power Love Flames Light,Vikram Seth,Biography,6
383,Shadow Quest Echoes Beyond,Mark Twain,Philosophy,2
384,Journey Dreams Flames,Kiran Desai,Spirituality,10
385,Quest Flames,Vikram Seth,Mystery,6
386,Power Legacy Beyond,Leo Tolstoy,Romance,4
387,Winds Beyond Journey Quest,Sudha Murty,Mystery,10
388,Power Secret Dreams Silent,Charles Dickens,Spirituality,8
389,Truth Silent,Sudha Murty,Fantasy,4
390,Life Echoes Dreams,Jane Austen,Science,9
391,Journey Edge Flames,Khushwant Singh,Fiction,2
392,Edge Dreams,Paulo Coelho,History,7
393,Power Edge Winds,Preeti Shenoy,Fantasy,6
394,Love Edge Shadow Light,Anita Desai,Science,1
395,Winds Dreams,Devdutt Pattanaik,Self-Help,8
396,Beyond Journey,Vikram Seth,Biography,4
397,Journey Dawn Dreams,Dr. A.P.J. Abdul Kalam,Technology,3
398,Quest The Light Secret,Ravinder Singh,Mythology,1
399,Journey Power Shadow,George Orwell,Romance,9
400,Dreams Secret,Leo Tolstoy,Education,2
401,Power The Silent Beyond,Ravinder Singh,Mythology,9
402,Journey Silent,Jane Austen,Fantasy,5
403,Light Journey Truth Dreams,R.K. Narayan,Romance,9
404,Love Life Dreams,Kiran Desai,Spirituality,6
405,Truth Light Whispers,Anita Desai,Fantasy,6
406,Silent Echoes,Amish Tripathi,Science,1
407,Dawn Life,Dr. A.P.J. Abdul Kalam,Fiction,6
408,Light Journey Edge Power,Amish Tripathi,Fantasy,6
409,Love Power,Devdutt Pattanaik,Technology,2
410,Whispers Journey,Khushwant Singh,Education,4
411,Life The Shadow,Devdutt Pattanaik,Self-Help,3
412,Love Life Dawn,Ernest Hemingway,Technology,2
413,Echoes Legacy Secret,Devdutt Pattanaik,Self-Help,7
414,Journey Dreams Life Love,Agatha Christie,Biography,7
415,Legacy Secret Dreams,Arundhati Roy,Spirituality,9
416,Legacy Life,Dr. A.P.J. Abdul Kalam,Romance,10
417,Whispers Silent Shadow,Khushwant Singh,Philosophy,3
418,Love Flames,Agatha Christie,Biography,1
419,Winds Journey Flames,R.K. Narayan,Self-Help,3
420,Secret Flames Echoes,Mark Twain,Education,10
421,Flames Dawn Light Edge,Amish Tripathi,Philosophy,10
422,Truth Light Dawn Quest,Ernest Hemingway,Science,3
423,Edge Power,Agatha Christie,Self-Help,2
424,Dreams Love,Ravinder Singh,History,5
425,Power Whispers,Khushwant Singh,Mythology,2
426,Journey Dreams The Shadow,Savi Sharma,Education,1
427,The Truth Silent,R.K. Narayan,Mythology,8
428,Winds Flames Whispers,R.K. Narayan,Fantasy,3
429,Power Truth Secret Legacy,Haruki Murakami,Fantasy,10
430,The Winds Legacy,Agatha Christie,Mystery,1
431,Winds Secret Edge,Arthur Conan Doyle,Fantasy,10
432,Love Dreams Beyond Life,R.K. Narayan,Fiction,4
433,Edge Dawn Whispers Winds,Vikram Seth,Technology,4
434,Power Life Winds Echoes,Agatha Christie,Science,6
435,Truth Power Flames Legacy,George Orwell,Mystery,4
436,Power Journey,Savi Sharma,Mythology,8
437,Secret Love,Jane Austen,Spirituality,6
438,Life Echoes The Whispers,Dr. A.P.J. Abdul Kalam,Philosophy,7
439,Winds Secret Shadow Truth,Anita Desai,Mythology,3
440,Life Edge,Ernest Hemingway,Spirituality,10
441,Truth Edge Flames,Khushwant Singh,Education,5
442,Flames Legacy Dawn,Preeti Shenoy,Fantasy,3
443,Truth Dawn,Dr. A.P.J. Abdul Kalam,Philosophy,2
444,Silent Life Legacy Echoes,Ravinder Singh,Mystery,4
445,Love Flames Winds Journey,Anita Desai,Mythology,4
446,Life Light Whispers,Ravinder Singh,Mystery,1
447,Light Edge,R.K. Narayan,Biography,4
448,Quest Shadow Dreams Dawn,Jane Austen,Mystery,5
449,Life The Journey Silent,Ruskin Bond,Biography,2
450,Secret Power Quest Flames,Dr. A.P.J. Abdul Kalam,Fantasy,3
451,Truth Love,Jane Austen,Philosophy,5
452,Light Silent Dawn Journey,Khushwant Singh,Romance,8
453,Secret Winds Beyond Flames,Preeti Shenoy,Philosophy,9
454,The Dreams Shadow Dawn,Haruki Murakami,Education,7
455,Beyond Whispers,Amish Tripathi,Spirituality,4
456,Life Light,Ravinder Singh,Biography,4
457,Echoes Power Life,Arthur Conan Doyle,Romance,2
458,Beyond Truth Winds Journey,Savi Sharma,Self-Help,3
459,Love Quest Light,Jane Austen,Mystery,8
460,Light Power Winds Quest,Savi Sharma,Mythology,4
461,Silent Power Echoes,R.K. Narayan,Fiction,1
462,Light Secret Legacy,Devdutt Pattanaik,Mythology,8
463,Flames Quest Power The,Ernest Hemingway,Romance,2
464,Silent Edge Light Love,Ravinder Singh,Mythology,3
465,Whispers Edge Dawn,Anita Desai,Fantasy,8
466,Silent Dreams Power,Arthur Conan Doyle,Fiction,6
467,Secret Truth Edge The,R.K. Narayan,Science,9
468,Secret Dreams Love Whispers,Ravinder Singh,Science,8
469,Flames Journey Legacy,George Orwell,Philosophy,10
470,Light Shadow,Kiran Desai,Romance,1
471,Echoes Dawn Silent,Arundhati Roy,Science,2
472,Love Dawn,Kiran Desai,Philosophy,3
473,Whispers Truth Power Edge,Amish Tripathi,Philosophy,9
474,Whispers Edge,Savi Sharma,History,2
475,Shadow Life Light,J.K. Rowling,Spirituality,2
476,Flames Truth,Ruskin Bond,Mythology,9
477,Legacy Echoes Dawn,Arundhati Roy,Romance,10
478,Journey Shadow Silent,Devdutt Pattanaik,Science,2
479,Whispers Flames Dreams Echoes,Dr. A.P.J. Abdul Kalam,Biography,1
480,Truth Dawn Light Whispers,Anita Desai,Mythology,6
481,Life Dawn Love,Ernest Hemingway,Science,7
482,Life Silent Power,Ravinder Singh,Education,7
483,Dawn Winds Life,Leo Tolstoy,Fantasy,8
484,Secret Life,Arundhati Roy,History,6
485,Power Journey,Agatha Christie,Fantasy,4
486,Quest Life Shadow Dawn,Savi Sharma,Science,9
487,Journey Whispers Dreams,Devdutt Pattanaik,Mystery,4
488,Echoes Shadow,Kiran Desai,Romance,10
489,Dawn Life,Charles Dickens,Fiction,4
490,Silent Life,Ruskin Bond,Romance,3
491,Dawn Legacy Love Whispers,Ruskin Bond,History,9
492,Beyond Dawn,Arundhati Roy,Technology,6
493,Power Winds,Jane Austen,Fantasy,3
494,Whispers Light Power,Dr. A.P.J. Abdul Kalam,History,2
495,Edge Whispers,Khushwant Singh,Fiction,7
496,Flames Echoes Shadow,Vikram Seth,Romance,6
497,Echoes Quest Dawn,Arthur Conan Doyle,Science,6
498,Beyond The Flames Dawn,Amish Tripathi,Self-Help,5
499,Dreams Light The,Preeti Shenoy,Technology,4
500,The Truth Secret,Charles Dickens,Spirituality,4
501,Beyond Shadow,Kiran Desai,Fiction,4
502,Legacy The,Preeti Shenoy,Fiction,10
503,Dreams Secret Dawn Quest,Stephen King,Self-Help,10
504,Beyond Shadow,Mark Twain,Biography,5
505,Shadow Whispers Silent Legacy,Anita Desai,Spirituality,10
506,Quest Love Power Shadow,Preeti Shenoy,Science,10
507,Silent The,Vikram Seth,History,1
508,Quest Legacy Dawn,R.K. Narayan,Mythology,8
509,Edge Secret,Preeti Shenoy,Fantasy,2
510,Legacy Quest Winds Truth,Arthur Conan Doyle,Mythology,5
511,Flames Secret Silent,Agatha Christie,Self-Help,10
512,Echoes Quest Power Love,Devdutt Pattanaik,Biography,4
513,Power Truth Journey,Amish Tripathi,Romance,4
514,Winds Secret,Sudha Murty,Philosophy,7
515,Whispers Quest Winds,Mark Twain,Fantasy,10
516,Secret Edge Shadow,Devdutt Pattanaik,Technology,4
517,Power Silent,Vikram Seth,Fiction,1
518,Love Flames Secret Journey,Khushwant Singh,Biography,6
519,Dawn Life Secret Whispers,Vikram Seth,Fantasy,7
520,Truth Light,Preeti Shenoy,Self-Help,3
521,Dawn Quest Silent,Charles Dickens,History,5
522,Winds Life,Savi Sharma,Romance,5
523,Truth Quest,Leo Tolstoy,Science,6
524,Legacy Whispers,Charles Dickens,Science,1
525,The Beyond,Sudha Murty,History,4
526,Truth Silent Echoes,Khushwant Singh,Mystery,8
527,Whispers Truth,F. Scott Fitzgerald,Fantasy,6
528,Flames Journey Echoes Beyond,Vikram Seth,Philosophy,4
529,Dreams Flames Winds,Ravinder Singh,Philosophy,7
530,The Whispers,Preeti Shenoy,Fantasy,3
531,Winds Dreams Dawn,George Orwell,Romance,4
532,Beyond Flames Life Journey,Savi Sharma,Mystery,10
533,Beyond Dawn Legacy,Kiran Desai,Education,6
534,Quest Truth Shadow Flames,Kiran Desai,Fiction,3
535,The Echoes Love Truth,Ruskin Bond,Self-Help,8
536,Shadow Silent Journey Dreams,Chetan Bhagat,Philosophy,3
537,Echoes Life Silent Winds,Dr. A.P.J. Abdul Kalam,Spirituality,5
538,Beyond Power Journey,Sudha Murty,Spirituality,5
539,Love Journey,George R.R. Martin,History,3
540,Legacy Silent Life Edge,Preeti Shenoy,Technology,7
541,Winds Power Silent,Ruskin Bond,Science,6
542,Power Silent Love The,Preeti Shenoy,Science,5
543,Dreams Secret Life,Khushwant Singh,Spirituality,10
544,Shadow Silent Whispers Power,Leo Tolstoy,Technology,8
545,Dawn Winds,Vikram Seth,Mystery,4
546,Dawn Beyond Quest,Dr. A.P.J. Abdul Kalam,Mystery,1
547,Legacy Dawn,Mark Twain,Biography,2
548,Secret Whispers Quest Truth,Leo Tolstoy,Spirituality,10
549,Silent Shadow,Vikram Seth,Self-Help,3
550,Love Light Flames The,R.K. Narayan,Romance,8
551,Secret Legacy Echoes,Ravinder Singh,Fantasy,5
552,Love The,Savi Sharma,Spirituality,2
553,Journey Light Power Quest,Amish Tripathi,Education,9
554,Legacy Dawn Dreams,F. Scott Fitzgerald,Science,5
555,Whispers Secret,R.K. Narayan,Fantasy,5
556,Journey Legacy,Preeti Shenoy,Romance,1
557,Secret Edge Dreams,Chetan Bhagat,Philosophy,2
558,The Truth,Khushwant Singh,Biography,9
559,Edge Quest Light,Paulo Coelho,Fantasy,7
560,Legacy Winds,Kiran Desai,Education,9
561,Love Power Winds,Amish Tripathi,Spirituality,6
562,Truth Quest Shadow,Charles Dickens,Philosophy,7
563,Light Whispers,Sudha Murty,Self-Help,5
564,Beyond Silent Life Edge,Jane Austen,Mythology,8
565,Winds Whispers,Amish Tripathi,Mythology,5
566,Secret Edge,Ruskin Bond,Fiction,9
567,The Echoes,George R.R. Martin,Philosophy,6
568,Journey Life Truth,Dr. A.P.J. Abdul Kalam,Fantasy,9
569,Echoes Winds Life Edge,Jane Austen,Biography,10
570,Love Truth Legacy Secret,Amish Tripathi,Mystery,2
571,Shadow Winds,Stephen King,Romance,3
572,Quest Silent,Devdutt Pattanaik,Science,4
573,Winds Dreams,Agatha Christie,Fiction,9
574,Love Shadow,R.K. Narayan,Mythology,5
575,Secret Life Power Dawn,Mark Twain,Biography,8
576,Power Dreams Shadow Truth,Anita Desai,Mystery,1
577,Shadow Journey Dawn,Amish Tripathi,Biography,2
578,Whispers Echoes Life Love,George R.R. Martin,Fiction,10
579,Silent Flames Legacy,Khushwant Singh,History,7
580,Love Journey,Kiran Desai,History,7
581,Edge Secret,Ruskin Bond,History,5
582,The Power Secret,Khushwant Singh,Fantasy,10
583,Love Power Life,George Orwell,History,10
584,Secret Whispers Light Legacy,Preeti Shenoy,Self-Help,3
585,Secret Love Dawn,George Orwell,Mythology,8
586,Secret Dawn,Vikram Seth,Biography,3
587,Power Dreams Journey Edge,Ravinder Singh,Science,6
588,Life Winds,Ruskin Bond,Mythology,9
589,Life Flames Edge,Arundhati Roy,Fiction,7
590,Journey Shadow Power,Amish Tripathi,Fiction,5
591,Love Flames Echoes,Agatha Christie,Self-Help,7
592,Power Silent Quest Whispers,Preeti Shenoy,Romance,7
593,Dreams Silent Power Dawn,Amish Tripathi,Spirituality,8
594,Silent Legacy Dreams Edge,Arthur Conan Doyle,Biography,7
595,Life Journey Dawn Beyond,Ruskin Bond,History,3
596,Edge Whispers,Haruki Murakami,Biography,4
597,Legacy Love Shadow Silent,Chetan Bhagat,Fiction,8
598,Edge Echoes,Kiran Desai,Education,4
599,Silent Power,Preeti Shenoy,Mystery,5
600,Whispers Dawn Secret,Arundhati Roy,Science,10
601,Winds Beyond Secret,Arundhati Roy,History,5
602,Dawn Love Dreams Flames,Ernest Hemingway,Fiction,8
603,Love Winds Echoes Life,Preeti Shenoy,Mythology,1
604,Dawn Power Shadow Love,Chetan Bhagat,Romance,2
605,Shadow Secret Beyond Silent,Arundhati Roy,Science,5
606,Echoes Dawn Edge Dreams,Savi Sharma,Fantasy,10
607,Power Dawn Quest Whispers,Dan Brown,Mystery,3
608,Dawn The Secret Shadow,Chetan Bhagat,Fiction,7
609,Truth Winds Dreams,Kiran Desai,Mythology,7
610,Echoes Life Power,George Orwell,Spirituality,10
611,Power Journey Silent,Savi Sharma,Spirituality,1
612,Quest Light Dawn,R.K. Narayan,Self-Help,1
613,Dawn Flames Edge Secret,Sudha Murty,Technology,1
614,Silent Secret Whispers,Arthur Conan Doyle,Science,9
615,Winds Echoes Journey,Arundhati Roy,Self-Help,4
616,Whispers Edge,Jane Austen,Self-Help,9
617,Echoes Journey,Amish Tripathi,History,6
618,Silent Shadow,Haruki Murakami,Technology,8
619,Life Echoes Legacy,Ravinder Singh,Education,3
620,Whispers Secret Power,Agatha Christie,Self-Help,6
621,Quest Echoes,Arundhati Roy,History,10
622,Shadow Legacy Silent,Vikram Seth,Spirituality,7
623,Legacy Dawn Beyond Whispers,Arundhati Roy,Spirituality,5
624,Edge Life Love,Khushwant Singh,Fiction,6
625,Winds Quest Beyond,Preeti Shenoy,Philosophy,6
626,Dreams Life Secret Winds,Sudha Murty,Biography,3
627,Light Beyond,Ernest Hemingway,Romance,1
628,Echoes Dreams,Chetan Bhagat,Fiction,10
629,Quest Shadow Echoes,Dan Brown,Self-Help,2
630,Light Beyond,Ravinder Singh,Mystery,10
631,Power Life Love Beyond,Devdutt Pattanaik,Mystery,6
632,Light Shadow,Chetan Bhagat,Science,10
633,Flames Light,Savi Sharma,Fiction,3
634,Flames Truth,R.K. Narayan,Technology,8
635,Echoes Whispers,Arundhati Roy,Mythology,10
636,The Legacy Edge,Arundhati Roy,Mythology,4
637,Flames Secret Love,Savi Sharma,Technology,3
638,Shadow Truth Life,Amish Tripathi,Education,7
639,Dreams Legacy Power Echoes,Ernest Hemingway,Education,7
640,Love Legacy Quest,Haruki Murakami,Fiction,5
641,Love Silent Edge,Savi Sharma,Spirituality,4
642,Legacy Echoes Quest Whispers,Jane Austen,Technology,7
643,Truth Secret Life Whispers,Vikram Seth,Education,4
644,Dreams Edge Legacy Light,Agatha Christie,Biography,4
645,Whispers Dawn,Arthur Conan Doyle,Spirituality,4
646,Flames Truth Journey,Arundhati Roy,Romance,4
647,Beyond Shadow Journey,Arundhati Roy,Fiction,1
648,Secret Winds Journey,Stephen King,Mystery,1
649,Flames Journey Life Power,Stephen King,Philosophy,4
650,Edge Silent,Paulo Coelho,Fantasy,10
651,Dreams Quest Echoes Silent,Leo Tolstoy,Self-Help,10
652,Silent Flames Truth,Mark Twain,History,10
653,Shadow Dawn Silent,Savi Sharma,Philosophy,8
654,Whispers The Dreams,Preeti Shenoy,Science,2
655,Secret Journey Silent,Chetan Bhagat,Romance,9
656,Life The Echoes,Anita Desai,Mystery,9
657,Dawn Echoes Edge Dreams,Devdutt Pattanaik,Philosophy,3
658,Beyond Legacy,Khushwant Singh,Science,3
659,Dawn Shadow Flames Power,Stephen King,History,5
660,Whispers Dreams Secret,Amish Tripathi,History,10
661,Quest Silent Power Love,R.K. Narayan,Technology,5
662,Life Truth,Dr. A.P.J. Abdul Kalam,Mythology,2
663,Winds Power Shadow The,Anita Desai,Philosophy,8
664,Whispers Light,Stephen King,Philosophy,8
665,Dawn Power Legacy,Leo Tolstoy,Spirituality,4
666,Truth Winds Echoes,Jane Austen,Mythology,5
667,Truth Journey,Kiran Desai,Romance,2
668,Dreams Power Dawn,Arundhati Roy,Romance,1
669,The Light Legacy Whispers,F. Scott Fitzgerald,History,5
670,Winds Power Journey Secret,Arthur Conan Doyle,History,5
671,Silent Light,Kiran Desai,Mystery,3
672,Whispers Winds,Amish Tripathi,Self-Help,7
673,Silent Shadow Power,R.K. Narayan,Spirituality,6
674,Love Journey,Jane Austen,Romance,10
675,Journey Dawn Winds,Agatha Christie,Science,2
676,Journey Dreams Truth,Arundhati Roy,Mythology,7
677,Secret Dreams Winds Truth,Sudha Murty,Romance,4
678,Beyond Dawn Life Love,Savi Sharma,Fiction,6
679,Winds Life Legacy,Ravinder Singh,Self-Help,9
680,Edge Shadow Journey,Sudha Murty,Spirituality,6
681,Silent Dawn,Vikram Seth,Fiction,3
682,Light Quest Whispers Journey,Devdutt Pattanaik,Science,1
683,Flames Truth Shadow Love,Anita Desai,Technology,10
684,Power Edge Flames Echoes,R.K. Narayan,Technology,7
685,Truth Secret,Savi Sharma,Mythology,5
686,Flames Beyond,Jane Austen,Mystery,3
687,The Dreams Life,Dr. A.P.J. Abdul Kalam,Philosophy,3
688,Life Secret Winds Legacy,Devdutt Pattanaik,Biography,1
689,Truth Secret Legacy,Kiran Desai,Biography,3
690,Flames Edge The,Savi Sharma,Philosophy,6
691,Truth Edge Legacy Dawn,Savi Sharma,Education,9
692,Beyond Winds Quest Echoes,Preeti Shenoy,Mythology,3
693,Silent Dawn Beyond Love,Leo Tolstoy,Romance,8
694,Life Shadow Whispers,Ruskin Bond,Technology,2
695,Truth Dawn Journey The,Anita Desai,Mystery,9
696,Whispers Silent Power Quest,George Orwell,Self-Help,7
697,Dawn Silent Truth,Khushwant Singh,Education,8
698,Truth Secret,Anita Desai,History,9
699,Truth Dawn,Anita Desai,History,2
700,Legacy Dreams Echoes Flames,J.K. Rowling,Education,4
701,Silent Journey Flames Legacy,Ravinder Singh,Mystery,1
702,Quest Whispers Beyond Shadow,Devdutt Pattanaik,Mystery,9
703,Legacy Dawn Whispers Truth,Kiran Desai,Mythology,4
704,Life Edge,Amish Tripathi,Technology,9
705,Love Flames Life Shadow,Ruskin Bond,Technology,5
706,Secret Light,Charles Dickens,Spirituality,9
707,Beyond Flames,Paulo Coelho,Self-Help,8
708,Love The,Ravinder Singh,Education,9
709,Light Journey The Dawn,Dan Brown,Mythology,8
710,Secret Beyond,Khushwant Singh,Science,5
711,Winds Legacy Dawn,Ravinder Singh,Technology,3
712,Winds Echoes Dawn Flames,Dr. A.P.J. Abdul Kalam,Philosophy,7
713,Secret Power Shadow,Amish Tripathi,Fiction,3
714,Echoes The Life Edge,Kiran Desai,Science,8
715,Quest Love,Ravinder Singh,Self-Help,10
716,Echoes Shadow Flames Whispers,Kiran Desai,History,6
717,Dawn Light Shadow,Kiran Desai,Fiction,4
718,Journey Love The Legacy,Chetan Bhagat,Romance,4
719,Whispers Journey Love,Kiran Desai,Self-Help,4
720,Quest Echoes,Ravinder Singh,Philosophy,8
721,Dreams Edge,Vikram Seth,Biography,5
722,Quest Love Shadow Winds,Kiran Desai,Self-Help,7
723,Life Truth Shadow Beyond,R.K. Narayan,History,5
724,Edge Flames,Kiran Desai,Fiction,2
725,Dawn Light Life,Ravinder Singh,Technology,2
726,Journey Quest,Jane Austen,Mystery,8
727,Legacy Whispers Secret Flames,Anita Desai,Mythology,5
728,Dreams Flames Edge Beyond,Preeti Shenoy,History,7
729,Light Beyond Flames Silent,Ravinder Singh,Education,7
730,Shadow Beyond Quest,Leo Tolstoy,Biography,2
731,Shadow Secret,R.K. Narayan,Romance,5
732,Echoes Light Dawn,Ruskin Bond,Romance,5
733,Journey Truth Secret Edge,Kiran Desai,Fantasy,2
734,Truth Journey Quest Winds,Charles Dickens,Technology,4
735,Light The Life,Arundhati Roy,Philosophy,7
736,Shadow Whispers,Leo Tolstoy,Philosophy,9
737,Legacy Echoes,Savi Sharma,Education,4
738,Edge Life Light,Chetan Bhagat,Technology,8
739,Legacy Light Truth,Preeti Shenoy,Self-Help,4
740,Legacy Quest Dreams Flames,Chetan Bhagat,Mythology,3
741,Power Silent,Stephen King,Education,10
742,Journey Whispers Legacy,Haruki Murakami,Romance,9
743,Beyond Echoes Dawn Legacy,George R.R. Martin,Biography,5
744,Journey Whispers Light,Jane Austen,Mythology,8
745,Power Secret Life Light,Savi Sharma,Mystery,8
746,Dawn Life Journey Quest,Khushwant Singh,Mystery,1
747,Flames Echoes,Vikram Seth,Technology,7
748,Dawn Power Legacy,Jane Austen,Self-Help,9
749,Secret Journey Truth,Leo Tolstoy,Education,3
750,Winds Edge Silent Whispers,Arundhati Roy,Philosophy,3
751,Light Dawn,J.K. Rowling,Education,2
752,Legacy Whispers Secret,Chetan Bhagat,Self-Help,1
753,Quest Whispers Edge Dawn,R.K. Narayan,Fantasy,4
754,Love Winds Truth Dawn,Paulo Coelho,Philosophy,1
755,Echoes Dawn Love,Arthur Conan Doyle,Spirituality,6
756,Life Love Edge Flames,Leo Tolstoy,Fantasy,9
757,Legacy Whispers Love,Savi Sharma,Romance,4
758,Love Secret,Arundhati Roy,Education,10
759,Light Winds Echoes Beyond,Dr. A.P.J. Abdul Kalam,Technology,8
760,Edge Shadow,Paulo Coelho,Spirituality,1
761,Power Quest Truth,Savi Sharma,Mythology,5
762,Quest Love,Arundhati Roy,Spirituality,6
763,Truth Love Beyond,R.K. Narayan,Technology,6
764,Journey Quest Dawn,R.K. Narayan,Education,6
765,Truth Dreams Quest,Arundhati Roy,Philosophy,4
766,Flames Beyond Echoes,Amish Tripathi,Technology,5
767,Secret Life Truth Winds,Preeti Shenoy,Fiction,6
768,Legacy Journey,Ravinder Singh,Biography,4
769,Flames Light,Devdutt Pattanaik,Biography,6
770,Life Echoes,Ruskin Bond,Spirituality,10
771,Dreams Flames Legacy Winds,Vikram Seth,Biography,1
772,Legacy Whispers,Ernest Hemingway,History,5
773,Dreams Silent Quest,George Orwell,Science,5
774,Whispers Light Edge,Ravinder Singh,Biography,5
775,Journey Legacy Truth Life,Arundhati Roy,History,7
776,Light Beyond Legacy Shadow,Savi Sharma,Biography,6
777,Power Whispers Winds,Paulo Coelho,Mythology,1
778,Dawn Life,R.K. Narayan,Technology,10
779,Quest Life Echoes,Kiran Desai,Technology,4
780,Truth Light,Ravinder Singh,Philosophy,9
781,Beyond Winds Journey Quest,Arthur Conan Doyle,Romance,5
782,Flames Power Edge Love,Ruskin Bond,History,2
783,Dawn Power,Ernest Hemingway,Fantasy,6
784,The Legacy Echoes,Anita Desai,Education,2
785,Truth Edge,George Orwell,Philosophy,5
786,Edge Dreams Winds Journey,Savi Sharma,Technology,10
787,Dawn Silent Power,Charles Dickens,Philosophy,10
788,Power Legacy,Chetan Bhagat,Philosophy,6
789,Life Flames,Khushwant Singh,Technology,7
790,Life Echoes Light,Devdutt Pattanaik,History,2
791,Dawn The,Devdutt Pattanaik,History,9
792,Edge Winds Flames Quest,Devdutt Pattanaik,Technology,4
793,Dreams Journey Quest,R.K. Narayan,Biography,6
794,Light Flames,Savi Sharma,Self-Help,8
795,Light Shadow Edge,Sudha Murty,Spirituality,5
796,Echoes Journey Truth,Ruskin Bond,Science,1
797,Light Power Dreams,Ruskin Bond,Biography,6
798,Beyond Winds Silent Shadow,J.K. Rowling,Biography,5
799,Shadow Dreams Echoes Truth,Khushwant Singh,Mythology,5
800,Dawn The Life Journey,Dan Brown,Fiction,4
801,Beyond Echoes Silent,Savi Sharma,Romance,10
802,Love Dawn,Stephen King,Mythology,9
803,Love Whispers,Ruskin Bond,Education,2
804,Life Light Silent Whispers,Haruki Murakami,Science,6
805,Dreams The Shadow,Preeti Shenoy,Mythology,10
806,Shadow Power,Ravinder Singh,Science,9
807,Echoes Beyond Light,Paulo Coelho,Biography,4
808,Light Flames Quest Silent,R.K. Narayan,Science,1
809,Truth Legacy Silent Life,Ernest Hemingway,Self-Help,1
810,Life Whispers,Preeti Shenoy,Education,7
811,Echoes Truth Silent Edge,Amish Tripathi,Mythology,10
812,Edge Silent,Sudha Murty,Fantasy,6
813,Beyond The,Arundhati Roy,Mystery,4
814,Dreams Secret Love Life,Chetan Bhagat,Education,9
815,The Dawn Beyond,Ruskin Bond,Education,4
816,Life Whispers,Chetan Bhagat,Philosophy,8
817,Quest Power Secret,Preeti Shenoy,Biography,4
818,Beyond Light,Amish Tripathi,History,8
819,Shadow The Power Echoes,Devdutt Pattanaik,Fantasy,6
820,Power The Beyond,Leo Tolstoy,Self-Help,5
821,Dawn Power Legacy Life,Anita Desai,Fantasy,10
822,Shadow Silent Dawn Light,Kiran Desai,Romance,9
823,The Life,Ravinder Singh,Biography,4
824,Truth Quest The,Leo Tolstoy,Romance,1
825,Flames Secret Beyond Light,Dr. A.P.J. Abdul Kalam,Education,2
826,Shadow Edge Echoes,Ruskin Bond,Mythology,6
827,Quest Legacy Love Flames,Khushwant Singh,Biography,6
828,Secret Power Echoes Winds,Preeti Shenoy,Science,6
829,Legacy Echoes,Haruki Murakami,Self-Help,5
830,Winds Journey Silent Light,R.K. Narayan,Spirituality,4
831,Whispers Power Love,Dan Brown,Self-Help,5
832,Edge Legacy Truth,Amish Tripathi,Philosophy,3
833,Life Winds Edge,R.K. Narayan,Fantasy,9
834,Silent Winds Life Beyond,Ruskin Bond,History,5
835,Silent Flames Power Love,Kiran Desai,Self-Help,6
836,Edge Secret Flames,Leo Tolstoy,Spirituality,6
837,Secret Power Dreams,Khushwant Singh,Fantasy,9
838,Secret Whispers Power Truth,Devdutt Pattanaik,Romance,5
839,Quest Beyond Flames Power,Devdutt Pattanaik,Mythology,4
840,Secret Edge Life,Ernest Hemingway,Philosophy,8
841,Journey Secret,Mark Twain,Philosophy,9
842,Journey Edge Shadow,Jane Austen,Self-Help,1
843,Edge Quest Secret,Dan Brown,Fiction,7
844,Truth Life The,Anita Desai,History,8
845,Dawn Legacy Whispers,Kiran Desai,Spirituality,6
846,Echoes Light,Anita Desai,Spirituality,2
847,Beyond Whispers,Preeti Shenoy,Technology,6
848,Edge Truth Love,Paulo Coelho,Spirituality,5
849,Echoes Winds The,Savi Sharma,Fantasy,2
850,Power Edge Truth Silent,Ernest Hemingway,History,2
851,Truth Silent Secret,Paulo Coelho,Self-Help,1
852,Dreams Legacy,Savi Sharma,Education,4
853,Echoes Whispers Secret,Jane Austen,Biography,4
854,Life Edge Light Dreams,Agatha Christie,Mythology,8
855,Love Life Winds,J.K. Rowling,Self-Help,9
856,Light Dreams,Anita Desai,Fantasy,3
857,The Life Edge,R.K. Narayan,Mystery,10
858,Truth Edge Light,Kiran Desai,Education,3
859,Quest Shadow,Devdutt Pattanaik,Fantasy,7
860,Edge Secret Legacy Flames,Chetan Bhagat,Spirituality,5
861,Power Flames Secret,Arthur Conan Doyle,Science,4
862,Truth Edge,R.K. Narayan,Fiction,6
863,Edge Power Whispers Secret,Sudha Murty,Spirituality,9
864,Shadow Journey,Jane Austen,Self-Help,3
865,Beyond Flames Dreams Shadow,Anita Desai,Mythology,8
866,Edge Quest Whispers,Sudha Murty,Romance,7
867,Journey Life Truth Flames,Charles Dickens,Mythology,10
868,Beyond Echoes Light The,Charles Dickens,Mystery,2
869,Dawn Power,R.K. Narayan,Fantasy,6
870,Dawn Edge,Stephen King,Mythology,4
871,Silent Echoes Dawn,Amish Tripathi,Self-Help,9
872,Secret Beyond Whispers Edge,Arundhati Roy,Education,6
873,Secret Silent Power,George Orwell,Fiction,9
874,Dawn Edge Truth Life,Leo Tolstoy,Romance,9
875,Flames Shadow Truth Power,Kiran Desai,Spirituality,8
876,Dawn Truth,Savi Sharma,Mystery,3
877,Light Quest Truth Secret,Haruki Murakami,Mythology,7
878,Life Winds Light,Amish Tripathi,Science,2
879,Legacy Quest Dreams Echoes,Arundhati Roy,Technology,6
880,Light Flames Life The,Preeti Shenoy,Fiction,4
881,Dawn Life Whispers,George Orwell,History,3
882,Dreams Light,Sudha Murty,Biography,5
883,Winds Truth Whispers,Dr. A.P.J. Abdul Kalam,Philosophy,7
884,Beyond Whispers Love,Preeti Shenoy,Education,4
885,Beyond Power Edge,Savi Sharma,Romance,8
886,Quest Journey Legacy,Arthur Conan Doyle,Science,6
887,Whispers Dawn Love,Khushwant Singh,Technology,3
888,Flames Power Edge,Anita Desai,Philosophy,9
889,Journey Dreams Echoes,R.K. Narayan,Spirituality,4
890,Whispers The Life,R.K. Narayan,Philosophy,9
891,Love Shadow,Sudha Murty,Mystery,9
892,Edge Beyond Love,F. Scott Fitzgerald,Romance,6
893,Winds Light,Haruki Murakami,Education,1
894,Dawn Quest,Paulo Coelho,History,5
895,Dreams Light,Chetan Bhagat,Science,6
896,Whispers Silent Journey Winds,Sudha Murty,Mystery,8
897,Beyond Winds Silent Light,Devdutt Pattanaik,Fiction,8
898,Power Whispers Echoes Light,Kiran Desai,Mystery,2
899,Edge Silent Dreams Flames,Savi Sharma,Education,6
900,Power Whispers,Dan Brown,History,3
901,Dawn Secret,Ruskin Bond,Education,10
902,Dreams The Shadow,Dr. A.P.J. Abdul Kalam,Romance,6
903,Beyond Dawn,Anita Desai,Biography,5
904,Silent Whispers,Preeti Shenoy,Science,8
905,Truth Dreams Edge,Sudha Murty,Mystery,1
906,Power Legacy,J.K. Rowling,History,3
907,Winds Dreams Truth Whispers,Kiran Desai,Technology,3
908,The Winds Beyond Echoes,Paulo Coelho,Education,7
909,Truth Journey Dawn,Dan Brown,Education,7
910,Love Silent,Savi Sharma,Romance,9
911,Winds Beyond,Amish Tripathi,Fantasy,3
912,Light Dawn Life,Kiran Desai,Science,10
913,Whispers Dreams Secret Echoes,Khushwant Singh,Philosophy,10
914,Flames Legacy Secret Beyond,Sudha Murty,Mythology,1
915,Quest Winds,Ravinder Singh,Spirituality,1
916,Dreams Dawn Shadow,Ravinder Singh,Fantasy,6
917,Silent Edge Journey Dawn,Stephen King,Self-Help,9
918,Power Truth Beyond Quest,Ernest Hemingway,Mythology,4
919,Journey Silent Winds,F. Scott Fitzgerald,Science,1
920,Power Quest,Sudha Murty,Technology,3
921,Echoes Light Life,R.K. Narayan,Philosophy,1
922,Echoes Secret Love Dawn,Ruskin Bond,Mystery,7
923,Light Journey Love,Khushwant Singh,Mythology,6
924,Edge Flames Life Truth,Charles Dickens,Mystery,2
925,Flames Secret,Khushwant Singh,Fiction,2
926,Winds Flames Journey Whispers,Kiran Desai,Philosophy,2
927,Whispers Quest,Arundhati Roy,Technology,3
928,Light Flames The,Dan Brown,Fantasy,3
929,Flames Power Echoes Whispers,Sudha Murty,Mythology,3
930,Echoes Love Shadow Edge,R.K. Narayan,History,9
931,The Love,Kiran Desai,Mystery,6
932,Echoes Dreams The,Paulo Coelho,Romance,10
933,Silent Dawn,F. Scott Fitzgerald,Fiction,9
934,The Light Beyond Life,Arundhati Roy,Science,3
935,Shadow Silent Light The,Kiran Desai,Biography,2
936,Truth Love,Vikram Seth,Spirituality,1
937,Power Beyond,Paulo Coelho,Philosophy,4
938,Truth Legacy Whispers Silent,Ruskin Bond,Fantasy,3
939,Beyond Whispers,Haruki Murakami,Education,8
940,Echoes Truth,R.K. Narayan,Romance,4
941,Truth Love Light,Arundhati Roy,Philosophy,3
942,Winds Edge Love Silent,Jane Austen,Mythology,3
943,Love Secret Whispers,Savi Sharma,Biography,10
944,Dreams The Echoes Winds,Charles Dickens,Fantasy,5
945,Love Whispers Shadow Journey,Amish Tripathi,Science,3
946,Secret Quest,George R.R. Martin,Technology,10
947,The Edge Whispers,Leo Tolstoy,Education,7
948,Dreams Love Journey Edge,Kiran Desai,Romance,6
949,Flames Whispers,Anita Desai,Mythology,1
950,Dreams Truth The,George R.R. Martin,Fantasy,9
951,Truth Dreams Legacy Flames,Arthur Conan Doyle,Fiction,5
952,Love Truth Beyond Silent,Paulo Coelho,Romance,8
953,Whispers Quest Dawn Life,Kiran Desai,Mythology,6
954,Secret Legacy Truth,Vikram Seth,Fiction,7
955,Shadow Truth Echoes Silent,Anita Desai,Technology,10
956,Edge The,Charles Dickens,Fantasy,4
957,Silent Echoes,Anita Desai,Mythology,3
958,Legacy Whispers Secret Quest,Ruskin Bond,Biography,1
959,Shadow Truth,Anita Desai,Fantasy,1
960,Edge Shadow,R.K. Narayan,Philosophy,2
961,Legacy Life Power Light,Ravinder Singh,Education,9
962,Whispers The Journey Power,Ravinder Singh,Science,7
963,Beyond Light,Ernest Hemingway,Philosophy,3
964,Legacy Shadow Flames The,Savi Sharma,Mythology,6
965,Dreams Beyond,Ruskin Bond,Spirituality,6
966,Power Love Shadow Secret,R.K. Narayan,Fantasy,4
967,Shadow Secret Flames Edge,George Orwell,History,9
968,Edge Secret,Vikram Seth,Self-Help,6
969,Edge Whispers,Dr. A.P.J. Abdul Kalam,Fantasy,5
970,Beyond Truth Whispers Journey,George Orwell,Self-Help,6
971,Edge The,Arthur Conan Doyle,Education,5
972,Dreams Legacy Flames,Leo Tolstoy,Biography,9
973,Edge Secret Winds The,Anita Desai,Romance,2
974,Love Dawn,Paulo Coelho,Technology,3
975,Journey Shadow,Ruskin Bond,Science,3
976,Shadow Silent,Preeti Shenoy,Romance,3
977,Life Love Beyond Dawn,R.K. Narayan,Self-Help,10
978,Silent Shadow Truth,Preeti Shenoy,History,7
979,The Truth Silent,Agatha Christie,Fantasy,3
980,Life Echoes Truth,Arundhati Roy,Fantasy,4
981,Power Shadow Winds,Preeti Shenoy,Science,1
982,Life Whispers Power,R.K. Narayan,Education,6
983,Flames Journey Winds,Haruki Murakami,Mystery,6
984,Truth Dawn Flames,Anita Desai,Fantasy,7
985,Flames Beyond Echoes,Kiran Desai,Self-Help,5
986,Secret Dreams,Devdutt Pattanaik,Self-Help,8
987,Edge Beyond,Preeti Shenoy,Education,1
988,Legacy Dreams Flames Dawn,F. Scott Fitzgerald,Fiction,8
989,Winds Shadow Life,Ernest Hemingway,Mystery,9
990,Power Silent,Savi Sharma,Fantasy,6
991,The Truth Secret Power,Vikram Seth,Spirituality,7
992,Beyond Whispers Dreams Winds,Devdutt Pattanaik,History,8
993,The Dawn Quest Truth,Preeti Shenoy,Mystery,2
994,Journey Life Beyond,Anita Desai,Philosophy,3
995,Beyond Legacy Quest,Ruskin Bond,Spirituality,5
996,Truth Power,R.K. Narayan,History,6
997,Love Winds,Arthur Conan Doyle,Fiction,1
998,Light Whispers Power,Sudha Murty,Fantasy,6
999,Shadow Whispers The Journey,Preeti Shenoy,Romance,8
1000,Life Quest Secret Dawn,Kiran Desai,Mystery,5
