User ID,Username,Name,Email,Phone,Password
1,mahak,mahak,mahak10jain@gmail.com,1234567890,mahak
2,kritika2,kritika,kritkabansal@gmail.com,1234567890,kritika
3,ahaana3,ahaana,ahaanaharikumar@gmail.com,1234567890,ahaana
4,krisha4,krisha,krishasubedi@gmail.com,1234567890,krisha
5,harini5,harini,harinidev@gmail.com,1234567890,harini
6,meenakshi6,meenakshi,meenakshi@gmail.com,1234567890,meenakshi
7,vishaka7,vishaka,vishaka@gmail.com,1234567890,vishaka
8,tanika8,tanika,tanika@gmail.com,1234567890,tanika
9,sara9,sara,sararachel@gmail.com,1234567890,sara
10,aradhya10,aradhya,aradhya@gmail.com,1234567890,aradhya
11,yukta11,yukta,yukta@gmail.com,1234567890,yukta
12,shruti12,shruti,shrutichaudary@gmail.com,1234567890,shruti
13,mayra13,mayra,mayrarathi@gmail.com,1234567890,mayra
14,kayra14,kayra,kayra@gmail.com,1234567890,kayra
15,ananya15,ananya,ananyasharma@gmail.com,1234567890,ananya
16,divya16,divya,divyarani@gmail.com,1234567890,divya
17,kavya17,kavya,kavyasen@gmail.com,1234567890,kavya
18,kate18,kate,kate@gmail.com,1234567890,kate
19,nidhi19,nidhi,nidhi@gmail.com,1234567890,nidhi
20,riddhi20,riddhi,riddhibansal@gmail.com,1234567890,riddhi
21,siddhi21,siddhi,siddhibansal@gmail.com,1234567890,siddhi
22,sira22,sira,sira@gmail.com,1234567890,sira
23,uma23,uma,uma@gmail.com,1234567890,uma
24,chetan24,chetan,chetan@gmail.com,1234567890,chetan
25,george25,george,george@gmail.com,1234567890,george
26,anyra26,anyra,anyra@gmail.com,1234567890,anyra
27,martin27,martin,martin@gmail.com,1234567890,martin
28,priti28,priti,priti@gmail.com,1234567890,priti
29,meena29,meena,meena@gmail.com,1234567890,meena
30,rao30,rao,rao@gmail.com,1234567890,rao
31,tripati31,tripati,tripati@gmail.com,1234567890,tripati
32,hans32,hans,hans@gmail.com,1234567890,hans
33,oyer33,oyer,oyer@gmail.com,1234567890,oyer
